season,name,team,pos,games,minutes,points,rebounds,assists,steals,blocks,turnovers
2024-25,Shai Gilgeous-Alexander,OKC,PG,76,2598,2484,379,486,131,77,183
2024-25,Anthony Edwards,MIN,SG,79,2871,2177,450,359,91,51,249
2024-25,Nikola Jokić,DEN,C,70,2571,2071,892,716,127,45,230
2024-25,Giannis Antetokounmpo,MIL,PF,67,2289,2036,798,433,58,78,206
2024-25,Jayson Tatum,BOS,PF,72,2624,1932,623,431,76,38,209
2024-25,Devin Booker,PHO,SG,75,2795,1923,305,529,67,16,220
2024-25,Trae Young,ATL,PG,76,2739,1841,236,880,91,12,355
2024-25,Tyler Herro,MIA,SG,77,2725,1840,399,424,69,17,198
2024-25,Cade Cunningham,DET,PG,70,2452,1830,425,638,71,53,309
2024-25,James Harden,LAC,PG,79,2789,1802,456,687,118,55,341
2024-25,Karl-Anthony Towns,NYK,C,72,2517,1759,920,222,71,50,192
2024-25,Zach LaVine,CHI,SG,74,2602,1724,315,310,58,12,208
2024-25,Jalen Green,HOU,SG,82,2697,1723,377,282,71,27,203
2024-25,Stephen Curry,GSW,PG,70,2252,1718,310,421,80,30,200
2024-25,DeMar DeRozan,SAC,SF,77,2768,1710,298,342,62,32,105
2024-25,LeBron James,LAL,SF,70,2444,1710,546,575,70,39,260
2024-25,Donovan Mitchell,CLE,SG,71,2232,1701,322,354,95,17,149
2024-25,Jalen Brunson,NYK,PG,65,2301,1690,187,475,60,8,164
2024-25,Kevin Durant,PHO,PF,62,2265,1647,374,263,50,77,190
2024-25,Jaren Jackson Jr.,MEM,C,74,2207,1641,417,148,92,113,153
2024-25,Pascal Siakam,IND,PF,78,2548,1578,540,263,70,42,109
2024-25,Darius Garland,CLE,PG,75,2301,1544,214,506,91,11,189
2024-25,Coby White,CHI,SG,74,2450,1509,273,330,69,16,177
2024-25,Jalen Williams,OKC,SG,69,2237,1490,369,354,111,46,150
2024-25,Austin Reaves,LAL,SG,73,2550,1475,329,421,81,22,177
2024-25,De'Aaron Fox,SAC,PG,62,2241,1459,298,392,91,25,174
2024-25,Alperen Şengün,HOU,C,76,2395,1451,786,372,84,61,194
2024-25,Franz Wagner,ORL,SF,60,2023,1449,342,284,75,21,138
2024-25,Damian Lillard,MIL,PG,58,2093,1447,272,410,70,10,162
2024-25,Mikal Bridges,NYK,SF,82,3036,1444,259,306,75,43,132
2024-25,Jamal Murray,DEN,PG,67,2418,1436,261,403,91,33,138
2024-25,Bam Adebayo,MIA,C,78,2674,1410,749,337,98,53,161
2024-25,Luka Dončić,LAL,PG,50,1769,1408,409,383,89,21,179
2024-25,Jaylen Brown,BOS,SF,63,2158,1398,368,286,73,19,162
2024-25,Michael Porter Jr.,DEN,SF,77,2593,1398,540,165,50,38,104
2024-25,Jordan Poole,WAS,SG,68,2001,1391,203,303,86,27,204
2024-25,Tyrese Maxey,PHI,PG,52,1960,1369,174,317,91,21,124
2024-25,Tyrese Haliburton,IND,PG,73,2451,1359,258,673,105,49,120
2024-25,Nikola Vučević,CHI,C,73,2278,1349,735,256,61,52,119
2024-25,Anfernee Simons,POR,SG,70,2292,1348,189,337,60,5,143
2024-25,Ivica Zubac,LAC,C,80,2624,1340,1010,214,55,90,127
2024-25,Domantas Sabonis,SAC,C,70,2429,1337,972,423,48,26,202
2024-25,Malik Beasley,DET,SG,82,2283,1336,214,139,73,5,83
2024-25,Shaedon Sharpe,POR,SG,72,2252,1335,324,198,62,16,150
2024-25,OG Anunoby,NYK,PF,74,2706,1332,358,164,110,65,102
2024-25,Desmond Bane,MEM,SG,69,2205,1327,418,369,80,28,169
2024-25,Evan Mobley,CLE,PF,71,2167,1316,659,226,61,113,145
2024-25,Norman Powell,LAC,SG,60,1958,1306,190,125,73,9,108
2024-25,Miles Bridges,CHO,PF,64,2029,1300,481,248,44,45,136
2024-25,Julius Randle,MIN,PF,69,2226,1288,487,323,47,16,196
2024-25,Anthony Davis,LAL,C,51,1706,1261,590,181,59,110,113
2024-25,Scottie Barnes,TOR,PF,65,2134,1252,502,378,93,63,185
2024-25,Derrick White,BOS,SG,76,2574,1248,341,361,72,80,131
2024-25,Kyrie Irving,DAL,SG,50,1804,1234,240,231,66,23,111
2024-25,RJ Barrett,TOR,SF,58,1869,1223,366,314,46,17,165
2024-25,Deni Avdija,POR,SF,72,2161,1219,522,281,71,35,196
2024-25,Christian Braun,DEN,SG,79,2675,1218,410,205,85,37,81
2024-25,Paolo Banchero,ORL,PF,46,1582,1191,345,219,36,28,136
2024-25,Stephon Castle,SAS,SG,81,2162,1190,297,332,74,22,177
2024-25,LaMelo Ball,CHO,PG,47,1505,1184,232,346,54,13,167
2024-25,CJ McCollum,NOP,PG,56,1832,1183,212,227,46,24,106
2024-25,Ja Morant,MEM,PG,50,1519,1159,205,364,61,12,185
2024-25,Collin Sexton,UTA,SG,63,1758,1159,171,264,47,6,160
2024-25,Bennedict Mathurin,IND,SF,72,2149,1156,383,136,47,24,135
2024-25,Payton Pritchard,BOS,PG,80,2271,1144,307,279,70,14,83
2024-25,Naz Reid,MIN,C,80,2200,1138,480,181,58,72,108
2024-25,Keyonte George,UTA,PG,67,2109,1125,253,377,46,9,183
2024-25,Trey Murphy III,NOP,SF,53,1854,1124,268,188,56,39,103
2024-25,Myles Turner,IND,C,72,2174,1120,471,111,54,144,123
2024-25,Malik Monk,SAC,SG,65,2054,1117,245,362,61,38,159
2024-25,Victor Wembanyama,SAS,C,46,1527,1116,506,168,52,176,149
2024-25,Jarrett Allen,CLE,C,82,2296,1103,798,158,77,73,97
2024-25,Quentin Grimes,DAL,SG,75,2013,1092,324,228,74,22,141
2024-25,De'Andre Hunter,ATL,SF,64,1740,1088,258,92,50,13,82
2024-25,Andrew Wiggins,GSW,SF,60,1842,1078,269,158,60,50,99
2024-25,Dyson Daniels,ATL,SG,76,2571,1073,449,333,229,55,155
2024-25,Cameron Johnson,BRK,PF,57,1800,1070,247,194,53,25,99
2024-25,Dillon Brooks,HOU,SF,75,2388,1053,275,128,60,16,76
2024-25,Josh Hart,NYK,SG,77,2897,1051,737,453,119,27,158
2024-25,Brook Lopez,MIL,C,80,2546,1041,401,143,50,148,84
2024-25,Devin Vassell,SAS,SG,64,1983,1041,255,183,84,33,88
2024-25,Josh Giddey,CHI,PG,70,2117,1022,566,503,84,45,202
2024-25,Harrison Barnes,SAS,PF,82,2230,1011,310,136,39,14,50
2024-25,Klay Thompson,DAL,SF,72,1965,1005,246,145,50,30,88
2024-25,Tobias Harris,DET,PF,73,2306,1002,432,162,74,57,85
2024-25,Jaden McDaniels,MIN,PF,82,2614,1000,470,163,110,74,95
2024-25,Russell Westbrook,DEN,PG,75,2092,994,370,457,106,37,242
2024-25,Onyeka Okongwu,ATL,C,74,2064,988,660,168,69,68,90
2024-25,Dennis Schröder,DET,PG,75,2105,980,198,404,66,12,142
2024-25,Keldon Johnson,SAS,SF,77,1838,979,371,125,49,22,77
2024-25,Amen Thompson,HOU,SF,69,2225,970,564,265,97,89,138
2024-25,Jimmy Butler,GSW,SF,55,1746,964,296,298,77,18,74
2024-25,Kyle Kuzma,MIL,PF,65,1936,964,370,152,36,19,146
2024-25,Keegan Murray,SAC,PF,76,2610,942,507,109,61,69,60
2024-25,Zaccharie Risacher,ATL,SF,75,1843,942,268,92,52,37,92
2024-25,Jalen Duren,DET,C,78,2034,918,807,209,54,89,136
2024-25,Naji Marshall,DAL,SF,69,1919,914,328,208,70,11,112
2024-25,Aaron Wiggins,OKC,SG,76,1744,914,295,134,60,18,69
2024-25,Buddy Hield,GSW,SG,82,1863,912,264,134,69,23,91
2024-25,Kelly Oubre Jr.,PHI,SF,60,2078,906,368,108,92,30,80
2024-25,Bradley Beal,PHO,SG,53,1702,902,177,195,58,28,99
2024-25,Lauri Markkanen,UTA,PF,47,1476,892,278,70,33,17,66
2024-25,Toumani Camara,POR,PF,78,2548,882,450,175,116,50,109
2024-25,Ty Jerome,CLE,SG,70,1393,878,173,237,78,3,92
2024-25,Spencer Dinwiddie,DAL,PG,79,2136,872,209,349,70,17,102
2024-25,Alex Sarr,WAS,C,67,1814,869,435,161,44,101,114
2024-25,Rudy Gobert,MIN,C,72,2389,866,785,127,56,104,89
2024-25,Tim Hardaway Jr.,DET,SG,77,2153,844,183,123,38,7,48
2024-25,Fred VanVleet,HOU,PG,60,2111,844,221,333,94,25,87
2024-25,Jonas Valančiūnas,WAS,C,81,1524,843,627,164,37,46,120
2024-25,Keon Johnson,BRK,SG,79,1925,839,297,175,82,30,116
2024-25,Scoot Henderson,POR,PG,66,1759,837,198,335,68,13,177
2024-25,P.J. Washington,DAL,PF,57,1835,836,442,131,63,60,118
2024-25,Obi Toppin,IND,PF,79,1545,833,318,128,46,28,68
2024-25,Tyus Jones,PHO,PG,81,2174,829,196,429,69,8,91
2024-25,Jakob Poeltl,TOR,C,57,1686,824,547,158,66,71,111
2024-25,Gary Trent Jr.,MIL,SG,74,1893,824,168,87,72,4,42
2024-25,Jaylen Wells,MEM,SG,79,2043,823,268,135,44,8,69
2024-25,Kristaps Porziņģis,BOS,C,42,1210,818,284,87,31,63,53
2024-25,Duncan Robinson,MIA,SF,74,1786,817,167,176,40,6,86
2024-25,Julian Champagnie,SAS,SF,82,1932,815,318,111,61,35,74
2024-25,Santi Aldama,MEM,PF,65,1660,811,416,188,52,29,71
2024-25,Bub Carrington,WAS,PG,82,2458,807,341,364,54,21,141
2024-25,Kawhi Leonard,LAC,SF,37,1180,796,219,116,59,17,72
2024-25,Georges Niang,CLE,PF,79,1697,784,272,111,28,14,82
2024-25,Derrick Jones Jr.,LAC,SF,77,1873,781,263,60,79,33,66
2024-25,Scotty Pippen Jr.,MEM,PG,79,1683,779,259,347,103,30,138
2024-25,Gradey Dick,TOR,SG,54,1587,777,193,98,48,10,83
2024-25,Caris LeVert,CLE,SG,64,1596,776,203,215,57,33,76
2024-25,Rui Hachimura,LAL,PF,59,1869,775,295,83,45,26,49
2024-25,Nickeil Alexander-Walker,MIN,SG,82,2073,773,265,223,50,34,99
2024-25,Brice Sensabaugh,UTA,SF,71,1432,772,210,110,46,8,107
2024-25,Kevin Porter Jr.,LAC,SG,75,1482,771,278,256,81,13,136
2024-25,Guerschon Yabusele,PHI,C,70,1895,768,395,148,58,24,87
2024-25,John Collins,UTA,PF,40,1220,758,327,80,39,40,103
2024-25,Isaiah Joe,OKC,SG,74,1604,756,196,119,48,9,38
2024-25,Jalen Wilson,BRK,PF,79,2031,749,270,145,40,5,79
2024-25,Max Christie,LAL,SG,78,2127,749,258,146,64,31,88
2024-25,Aaron Gordon,DEN,PF,51,1447,748,247,164,23,14,73
2024-25,Brandin Podziemski,GSW,SG,64,1716,747,325,220,69,13,75
2024-25,Zion Williamson,NOP,PF,30,857,737,216,159,37,27,90
2024-25,Anthony Black,ORL,PG,78,1887,736,230,240,86,48,139
2024-25,D'Angelo Russell,LAL,PG,58,1480,732,162,297,56,23,108
2024-25,Bilal Coulibaly,WAS,SF,59,1948,727,294,199,78,41,125
2024-25,Nic Claxton,BRK,C,70,1882,724,515,157,62,100,87
2024-25,Moses Moody,GSW,SG,74,1649,724,189,96,59,31,54
2024-25,Donte DiVincenzo,MIN,SG,62,1606,723,228,225,73,17,99
2024-25,Chris Paul,SAS,PG,82,2292,723,296,605,103,22,129
2024-25,T.J. McConnell,IND,PG,79,1415,720,193,351,83,21,109
2024-25,Luguentz Dort,OKC,SF,71,2073,719,293,115,79,39,51
2024-25,Jonathan Kuminga,GSW,PF,47,1144,719,217,104,38,21,71
2024-25,Dalton Knecht,LAL,SF,78,1494,706,216,66,24,8,37
2024-25,Corey Kispert,WAS,SF,61,1602,705,181,103,26,14,64
2024-25,Daniel Gafford,DAL,C,57,1226,701,388,80,23,102,66
2024-25,Jabari Smith Jr.,HOU,PF,57,1716,698,399,60,25,41,61
2024-25,Amir Coffey,LAC,SG,72,1748,696,161,77,40,7,45
2024-25,Kyle Filipowski,UTA,C,72,1522,690,440,140,48,22,102
2024-25,Matas Buzelis,CHI,SF,80,1511,688,278,79,29,75,74
2024-25,Tari Eason,HOU,PF,57,1420,686,362,83,97,50,65
2024-25,Jrue Holiday,BOS,PG,62,1896,686,265,239,66,27,77
2024-25,Kevin Huerter,SAC,SG,69,1679,681,205,156,66,23,67
2024-25,Grayson Allen,PHO,SG,64,1544,680,194,137,54,19,75
2024-25,Jalen Johnson,ATL,SF,36,1284,680,359,181,56,36,106
2024-25,Royce O'Neale,PHO,SF,75,1837,680,349,163,67,34,65
2024-25,Bobby Portis,MIL,PF,49,1244,680,411,104,35,26,57
2024-25,Terry Rozier,MIA,PG,64,1658,679,238,167,37,14,78
2024-25,Jerami Grant,POR,PF,47,1524,677,163,101,41,46,65
2024-25,Kentavious Caldwell-Pope,ORL,SG,77,2279,673,169,136,99,34,62
2024-25,Mark Williams,CHO,C,44,1171,671,447,109,32,54,71
2024-25,Ochai Agbaji,TOR,SG,64,1739,667,242,98,58,30,54
2024-25,Keon Ellis,SAC,SG,80,1948,666,212,120,121,63,71
2024-25,Paul George,PHI,PF,41,1334,665,219,178,75,20,106
2024-25,Yves Missi,NOP,C,73,1956,665,601,99,37,98,82
2024-25,Taurean Prince,MIL,SF,80,2166,656,287,155,76,15,82
2024-25,Andrew Nembhard,IND,SG,65,1881,653,216,326,79,11,112
2024-25,Walker Kessler,UTA,C,58,1740,641,707,97,36,138,86
2024-25,Isaiah Hartenstein,OKC,C,57,1590,637,611,219,47,62,96
2024-25,Ziaire Williams,BRK,SF,63,1541,632,287,84,62,28,67
2024-25,Cole Anthony,ORL,PG,67,1234,630,204,191,45,32,103
2024-25,Wendell Carter Jr.,ORL,C,68,1758,618,492,134,52,41,77
2024-25,Jeremy Sochan,SAS,PF,54,1364,617,352,128,45,27,84
2024-25,Isaiah Collier,UTA,PG,71,1839,615,235,446,66,16,208
2024-25,Draymond Green,GSW,PF,68,1983,613,414,383,99,70,174
2024-25,Miles McBride,NYK,SG,64,1593,611,161,187,67,17,41
2024-25,Zach Edey,MEM,C,66,1416,610,548,65,36,85,88
2024-25,Sam Hauser,BOS,PF,71,1541,605,224,64,41,13,23
2024-25,Jordan Hawkins,NOP,SG,56,1321,604,158,66,30,23,58
2024-25,Jordan Clarkson,UTA,SG,37,962,600,118,138,31,9,86
2024-25,Cam Thomas,BRK,SG,25,781,599,83,94,15,2,62
2024-25,Kel'el Ware,MIA,C,64,1422,595,473,60,39,71,57
2024-25,Ausar Thompson,DET,SF,59,1328,594,303,134,98,40,80
2024-25,Nick Smith Jr.,CHO,SG,60,1369,591,128,145,17,6,82
2024-25,Kyshawn George,WAS,SG,68,1802,590,285,169,68,50,97
2024-25,Julian Strawther,DEN,SG,65,1384,588,142,83,39,16,57
2024-25,Davion Mitchell,TOR,PG,74,2027,588,167,363,72,16,128
2024-25,Bogdan Bogdanović,LAC,SG,54,1348,583,159,146,41,11,74
2024-25,Mike Conley,MIN,PG,71,1756,582,182,319,79,14,75
2024-25,Jose Alvarado,NOP,PG,56,1366,579,136,259,74,14,86
2024-25,Deandre Ayton,POR,C,40,1206,576,406,64,31,39,69
2024-25,Luke Kennard,MEM,SG,65,1472,576,183,215,50,5,72
2024-25,Johnny Juzang,UTA,SG,64,1270,571,184,68,39,8,36
2024-25,Jaime Jaquez Jr.,MIA,SF,66,1368,570,290,166,61,14,98
2024-25,Brandon Miller,CHO,SF,27,924,568,131,98,29,20,76
2024-25,Cason Wallace,OKC,SG,68,1876,568,229,173,120,35,59
2024-25,Jalen Suggs,ORL,PG,35,1002,567,141,129,51,33,102
2024-25,Ayo Dosunmu,CHI,SG,46,1394,566,161,208,43,18,69
2024-25,Patrick Williams,CHI,PF,63,1576,566,237,124,48,32,86
2024-25,Immanuel Quickley,TOR,PG,33,918,564,117,191,23,4,58
2024-25,Dalano Banton,POR,PG,67,1120,559,135,160,43,34,86
2024-25,Peyton Watson,DEN,SF,68,1656,551,233,94,48,93,56
2024-25,Dorian Finney-Smith,LAL,PF,63,1818,549,247,90,58,23,56
2024-25,Justin Champagnie,WAS,SF,62,1340,544,351,60,65,39,54
2024-25,Dejounte Murray,NOP,PG,31,1012,542,200,228,63,12,106
2024-25,A.J. Green,MIL,SG,73,1659,541,174,108,37,7,40
2024-25,Aaron Nesmith,IND,SF,45,1122,541,178,54,35,17,37
2024-25,Jared Butler,WAS,SG,60,1044,541,110,220,42,13,80
2024-25,Al Horford,BOS,C,60,1659,538,369,128,36,51,46
2024-25,Brandon Clarke,MEM,PF,64,1207,534,326,66,52,36,41
2024-25,Tristan Da Silva,ORL,SF,74,1629,533,245,113,33,18,56
2024-25,Jamal Shead,TOR,PG,75,1467,533,115,316,58,10,117
2024-25,Ricky Council IV,PHI,SF,73,1250,532,214,97,32,13,52
2024-25,Nick Richards,PHO,C,57,1256,529,466,49,14,55,81
2024-25,Jaden Ivey,DET,SG,30,898,528,124,119,28,11,89
2024-25,Jalen Smith,CHI,C,64,962,524,357,65,17,44,37
2024-25,Tyrese Martin,BRK,SG,60,1315,523,219,122,34,9,74
2024-25,Ron Holland,DET,SF,81,1266,522,218,82,49,17,72
2024-25,Terance Mann,LAC,SG,67,1414,517,199,121,47,15,47
2024-25,Ryan Dunn,PHO,SF,74,1410,511,267,57,44,40,40
2024-25,Sam Merrill,CLE,SG,71,1401,509,157,108,53,14,35
2024-25,Josh Green,CHO,SG,68,1887,506,172,108,74,15,70
2024-25,Goga Bitadze,ORL,C,70,1430,502,463,137,49,98,72
2024-25,Chris Boucher,TOR,PF,50,862,502,224,33,24,25,29
2024-25,Cameron Payne,NYK,PG,72,1090,500,104,203,39,16,52
2024-25,Jaden Hardy,DAL,SG,57,907,496,89,81,28,5,82
2024-25,Nikola Jović,MIA,PF,46,1156,494,180,131,38,13,60
2024-25,Clint Capela,ATL,C,55,1176,488,469,62,34,53,47
2024-25,Chet Holmgren,OKC,C,32,877,479,257,63,23,71,56
2024-25,Haywood Highsmith,MIA,SF,74,1818,478,252,112,68,37,54
2024-25,Cam Whitmore,HOU,SF,51,827,477,151,49,31,13,46
2024-25,Kris Dunn,LAC,PG,74,1783,474,251,210,128,27,74
2024-25,Max Strus,CLE,SF,50,1273,471,217,158,26,12,54
2024-25,Jarace Walker,IND,PF,75,1187,461,229,110,54,25,78
2024-25,Gabe Vincent,LAL,PG,72,1527,460,92,98,51,13,41
2024-25,Jake LaRavia,MEM,PF,66,1349,458,259,158,62,23,86
2024-25,Jusuf Nurkić,CHO,C,51,1063,453,398,115,40,34,97
2024-25,Joel Embiid,PHI,C,19,574,452,155,85,14,18,62
2024-25,Trey Lyles,SAC,PF,69,1349,451,316,82,41,23,39
2024-25,Trendon Watford,BRK,PF,44,913,450,160,115,27,12,83
2024-25,Ja'Kobe Walter,TOR,SG,52,1103,449,160,81,43,10,50
2024-25,Brandon Boston Jr.,NOP,SG,42,993,448,134,92,53,9,52
2024-25,Simone Fontecchio,DET,SF,75,1237,446,215,65,31,12,54
2024-25,Justin Edwards,PHI,SF,44,1155,445,148,69,45,16,49
2024-25,Seth Curry,CHO,SG,68,1062,444,113,60,27,7,32
2024-25,Luke Kornet,BOS,C,73,1361,441,388,117,36,71,31
2024-25,Khris Middleton,MIL,SF,37,843,440,137,150,35,8,56
2024-25,Jay Huff,MEM,C,64,748,439,129,38,16,56,34
2024-25,Donovan Clingan,POR,C,67,1324,436,527,77,34,110,72
2024-25,Kenrich Williams,OKC,PF,69,1132,436,241,97,43,10,39
2024-25,Isaiah Stewart,DET,C,72,1434,435,399,123,28,101,68
2024-25,Thomas Bryant,IND,C,66,963,429,251,53,28,41,30
2024-25,Noah Clowney,BRK,PF,46,1042,420,181,40,24,21,46
2024-25,Jamison Battle,TOR,SF,59,1042,419,158,53,17,10,27
2024-25,Jeremiah Robinson-Earl,NOP,PF,66,1239,418,315,88,39,7,51
2024-25,Vít Krejčí,ATL,PG,57,1153,412,156,147,36,26,50
2024-25,Trayce Jackson-Davis,GSW,C,62,967,407,311,104,23,38,45
2024-25,Zach Collins,SAS,PF,64,977,407,288,111,29,29,60
2024-25,Moussa Diabaté,CHO,C,71,1241,403,438,56,46,40,61
2024-25,Brandon Ingram,NOP,SF,18,595,400,100,93,16,11,69
2024-25,Gary Payton II,GSW,SG,62,927,400,185,83,52,17,39
2024-25,Day'Ron Sharpe,BRK,C,50,908,397,330,91,41,42,63
2024-25,Jonathan Mogbo,TOR,PF,63,1286,389,311,146,55,34,70
2024-25,Moritz Wagner,ORL,C,30,564,386,148,42,24,12,49
2024-25,Sandro Mamukelashvili,SAS,PF,61,681,385,187,48,22,17,26
2024-25,Kelly Olynyk,TOR,C,44,891,384,206,128,33,19,76
2024-25,Jaxson Hayes,LAL,C,56,1093,383,269,58,31,51,43
2024-25,Alex Caruso,OKC,SG,54,1041,382,159,137,87,30,37
2024-25,Jonathan Isaac,ORL,PF,71,1090,380,314,40,61,80,33
2024-25,Precious Achiuwa,NYK,C,57,1170,379,317,55,47,42,45
2024-25,Talen Horton-Tucker,CHI,SG,58,724,379,100,83,21,11,40
2024-25,Marcus Sasser,DET,PG,57,811,375,69,133,37,4,54
2024-25,Julian Phillips,CHI,SF,79,1123,366,169,39,38,20,27
2024-25,Cody Martin,CHO,SF,53,1173,358,224,105,56,32,51
2024-25,Kyle Anderson,GSW,PF,61,1002,357,206,145,40,33,37
2024-25,Alec Burks,MIA,SG,49,863,356,124,55,28,7,29
2024-25,Caleb Martin,PHI,SF,45,1218,356,177,95,46,23,56
2024-25,Garrison Mathews,ATL,SG,47,830,353,87,60,26,15,31
2024-25,Tidjane Salaün,CHO,PF,60,1244,353,280,74,29,14,58
2024-25,Jared McCain,PHI,SG,23,592,352,56,60,15,0,37
2024-25,Ryan Rollins,MIL,PG,56,820,349,108,104,42,17,53
2024-25,Javonte Green,NOP,SG,68,1258,347,218,56,65,31,32
2024-25,Kevon Looney,GSW,C,76,1142,344,462,118,46,37,39
2024-25,Aaron Holiday,HOU,PG,62,792,340,78,83,19,11,37
2024-25,Quinten Post,GSW,PF,42,686,340,148,56,16,18,33
2024-25,Bruce Brown,NOP,PG,41,922,340,164,84,34,10,39
2024-25,Adem Bona,PHI,C,58,905,337,245,27,26,69,61
2024-25,Isaac Okoro,CLE,SG,55,1053,337,130,68,32,16,23
2024-25,Svi Mykhailiuk,UTA,SF,38,760,334,90,76,19,7,52
2024-25,Mason Plumlee,PHO,C,74,1300,333,455,134,33,47,59
2024-25,Ben Sheppard,IND,SG,63,1229,332,177,85,38,14,22
2024-25,Tristan Vukcevic,WAS,C,35,513,330,130,39,11,23,42
2024-25,Tre Jones,SAS,PG,46,905,330,116,192,37,10,35
2024-25,Dalen Terry,CHI,SG,73,987,326,124,97,44,15,53
2024-25,Karlo Matković,NOP,PF,42,791,325,209,46,22,41,43
2024-25,Dean Wade,CLE,PF,59,1252,320,249,76,42,20,22
2024-25,DaQuan Jeffries,CHO,SG,47,1071,315,135,53,26,25,35
2024-25,Shake Milton,LAL,SG,57,837,315,104,102,25,4,40
2024-25,Dereck Lively II,DAL,C,36,833,314,270,85,20,56,41
2024-25,Nicolas Batum,LAC,PF,78,1367,313,218,84,52,36,34
2024-25,Jabari Walker,POR,PF,60,749,313,211,37,33,6,34
2024-25,Neemias Queta,BOS,C,62,863,310,236,45,18,42,40
2024-25,Malcolm Brogdon,WAS,PG,24,564,305,91,98,13,5,38
2024-25,Antonio Reeves,NOP,SG,44,660,305,63,39,21,4,30
2024-25,Marcus Smart,MEM,PG,34,680,305,72,109,39,9,54
2024-25,Orlando Robinson,TOR,C,44,770,303,220,77,17,16,49
2024-25,Andre Drummond,PHI,C,40,751,293,310,34,39,18,55
2024-25,Kris Murray,POR,SF,69,1040,287,182,68,35,17,43
2024-25,Landry Shamet,NYK,SG,50,762,286,61,27,23,2,22
2024-25,Jeff Dowtin Jr.,PHI,PG,41,621,285,60,78,24,12,15
2024-25,Josh Okogie,PHO,SG,40,625,283,113,33,48,18,31
2024-25,KJ Simpson,CHO,PG,36,842,282,109,112,34,6,56
2024-25,Drew Eubanks,UTA,C,61,746,280,226,54,12,39,41
2024-25,Jaylin Williams,OKC,PF,47,784,278,262,120,22,29,35
2024-25,Brandon Williams,DAL,PG,33,487,275,58,76,24,5,39
2024-25,KJ Martin,PHI,PF,43,912,274,125,48,17,22,24
2024-25,Vasilije Micić,CHO,PG,41,785,269,89,128,15,0,77
2024-25,Lonzo Ball,CHI,PG,35,777,267,118,115,47,17,41
2024-25,Tosan Evbuomwan,BRK,SF,28,665,267,120,55,24,10,39
2024-25,Jett Howard,ORL,SF,60,701,267,70,44,13,11,36
2024-25,Eric Gordon,PHI,SG,39,768,266,46,65,26,12,28
2024-25,Lindy Waters III,GSW,SG,52,778,256,110,52,27,11,20
2024-25,Ben Simmons,BRK,PG,51,1120,256,241,285,38,23,102
2024-25,Oso Ighodaro,PHO,PF,61,1045,255,222,71,28,29,39
2024-25,Pelle Larsson,MIA,SG,55,782,251,92,65,32,7,24
2024-25,Lonnie Walker IV,PHI,SG,20,477,247,63,50,10,5,25
2024-25,Bol Bol,PHO,PF,36,448,244,104,22,9,25,20
2024-25,Caleb Houstan,ORL,SF,58,788,239,75,35,22,6,13
2024-25,A.J. Lawson,TOR,SG,26,486,236,86,31,13,6,15
2024-25,Malaki Branham,SAS,SG,47,427,235,51,38,11,2,34
2024-25,Ajay Mitchell,OKC,SG,36,597,234,68,64,25,4,29
2024-25,Monte Morris,PHO,PG,45,571,233,67,73,20,3,21
2024-25,Richaun Holmes,WAS,PF,31,534,230,177,42,9,23,21
2024-25,Andre Jackson Jr.,MIL,SG,67,980,230,182,83,34,14,58
2024-25,Cody Williams,UTA,SG,50,1060,230,113,59,23,16,44
2024-25,Reed Sheppard,HOU,PG,52,654,229,78,75,35,17,37
2024-25,Gui Santos,GSW,PF,56,762,227,172,80,25,10,42
2024-25,Steven Adams,HOU,C,58,794,225,327,66,22,28,54
2024-25,AJ Johnson,WAS,SG,29,639,220,59,76,12,3,35
2024-25,Rob Dillingham,MIN,PG,49,516,219,50,98,20,1,53
2024-25,Blake Wesley,SAS,SG,58,683,217,61,114,37,6,54
2024-25,Pat Connaughton,MIL,SG,41,603,216,109,70,9,11,24
2024-25,GG Jackson II,MEM,PF,29,459,209,92,29,12,5,31
2024-25,DeAndre Jordan,DEN,C,56,691,209,284,53,16,27,40
2024-25,Herbert Jones,NOP,SF,20,648,205,78,65,37,9,35
2024-25,Larry Nance Jr.,ATL,PF,24,463,203,103,38,20,13,16
2024-25,Olivier-Maxence Prosper,DAL,PF,52,584,201,126,40,26,6,14
2024-25,Jock Landale,HOU,C,42,500,200,137,37,13,10,21
2024-25,Jalen Pickett,DEN,SG,49,666,200,71,107,19,5,24
2024-25,Kai Jones,LAC,C,40,468,198,125,25,15,23,18
2024-25,Mouhamed Gueye,ATL,PF,33,533,197,139,27,28,33,15
2024-25,Jamal Cain,NOP,SF,37,502,196,85,22,23,9,22
2024-25,Collin Gillespie,PHO,PG,33,461,194,78,78,21,5,17
2024-25,Duop Reath,POR,C,46,469,194,92,26,12,14,16
2024-25,Craig Porter Jr.,CLE,PG,51,513,188,67,71,17,15,38
2024-25,Jae'Sean Tate,HOU,SF,52,588,188,117,47,26,7,22
2024-25,Zeke Nnaji,DEN,PF,57,608,184,90,23,25,38,14
2024-25,Paul Reed,DET,C,45,438,184,123,44,39,25,26
2024-25,Tre Mann,CHO,PG,13,319,183,38,39,7,4,25
2024-25,Vince Williams Jr.,MEM,SG,27,499,179,98,55,12,7,33
2024-25,Cory Joseph,ORL,PG,50,612,177,74,72,26,4,18
2024-25,Danté Exum,DAL,PG,20,372,174,33,56,12,3,22
2024-25,Jeff Green,HOU,PF,32,396,172,58,20,6,4,9
2024-25,Kessler Edwards,DAL,SF,40,608,168,115,42,19,20,16
2024-25,Keaton Wallace,ATL,PG,31,501,168,50,81,28,9,33
2024-25,Jaylon Tyson,CLE,SG,47,453,167,96,44,13,3,26
2024-25,Grant Williams,CHO,PF,16,479,166,82,37,18,13,28
2024-25,Jaylen Clark,MIN,SG,40,522,163,53,26,36,2,8
2024-25,Quenton Jackson,IND,PG,28,381,162,44,53,21,5,16
2024-25,Micah Potter,UTA,C,38,705,162,164,31,14,14,31
2024-25,Daniel Theis,NOP,C,38,621,162,164,60,18,20,25
2024-25,Jordan Goodwin,LAL,PG,29,543,161,112,42,30,11,26
2024-25,Charles Bassey,SAS,C,36,376,157,152,17,14,30,23
2024-25,Colby Jones,SAC,SG,39,515,157,87,44,26,13,23
2024-25,Rayan Rupert,POR,SG,52,460,155,70,25,16,4,30
2024-25,Jevon Carter,CHI,PG,36,321,153,39,40,13,3,11
2024-25,David Roddy,ATL,PF,33,410,153,84,35,14,9,22
2024-25,Jordan Miller,LAC,SF,37,420,152,58,34,17,5,26
2024-25,Trevelin Queen,ORL,SG,31,430,152,54,38,31,10,22
2024-25,Wendell Moore Jr.,DET,SG,36,499,150,95,42,20,5,27
2024-25,Bones Hyland,LAC,PG,24,239,149,25,32,18,4,25
2024-25,Dominick Barlow,ATL,PF,35,375,148,85,19,9,16,5
2024-25,Doug McDermott,SAC,SF,42,342,147,22,7,4,2,6
2024-25,Jarred Vanderbilt,LAL,PF,36,581,147,182,41,35,10,29
2024-25,Gary Harris,ORL,SG,48,711,145,64,30,26,12,17
2024-25,Bismack Biyombo,SAS,C,28,528,144,158,31,16,23,27
2024-25,Keion Brooks Jr.,NOP,SF,14,332,142,58,13,10,10,12
2024-25,Ousmane Dieng,OKC,C,37,405,142,81,31,17,7,18
2024-25,Devin Carter,SAC,PG,36,396,138,76,41,21,4,18
2024-25,Luka Garza,MIN,C,39,219,138,54,11,6,3,12
2024-25,Kyle Lowry,PHI,PG,35,659,138,67,96,33,11,21
2024-25,Terrence Shannon Jr.,MIN,SG,32,339,138,47,32,7,5,15
2024-25,Mo Bamba,LAC,C,32,413,138,145,18,9,31,20
2024-25,Reggie Jackson,PHI,PG,31,384,136,42,45,16,3,17
2024-25,Marvin Bagley III,WAS,PF,31,265,136,84,11,9,8,12
2024-25,Dillon Jones,OKC,SF,54,552,135,121,58,16,4,28
2024-25,Isaac Jones,SAC,PF,40,304,134,57,12,5,10,16
2024-25,Hunter Tyson,DEN,PF,51,400,134,78,20,10,6,14
2024-25,Anthony Gill,WAS,PF,51,397,129,66,16,9,2,10
2024-25,Delon Wright,MIL,PG,40,635,125,66,77,35,12,22
2024-25,Colin Castleton,TOR,C,26,432,123,122,28,8,10,23
2024-25,Branden Carlson,OKC,C,32,246,122,54,14,5,21,7
2024-25,Kevin Love,MIA,PF,23,251,122,94,22,15,4,14
2024-25,Isaiah Wong,CHO,SG,20,265,120,32,28,11,0,18
2024-25,Josh Minott,MIN,SF,46,276,119,47,18,15,12,11
2024-25,Jared Rhoden,TOR,SG,14,227,118,42,16,10,2,9
2024-25,Robert Williams,POR,C,20,351,116,118,21,13,33,17
2024-25,Maxwell Lewis,BRK,SF,28,327,116,55,19,9,7,14
2024-25,Dwight Powell,DAL,C,55,551,114,118,55,18,21,18
2024-25,Dariq Whitehead,BRK,SF,20,246,114,29,12,6,1,15
2024-25,Baylor Scheierman,BOS,SG,31,384,113,65,33,17,2,12
2024-25,John Konchar,MEM,SG,46,558,112,151,42,30,14,16
2024-25,Matisse Thybulle,POR,SG,15,312,112,52,28,33,9,13
2024-25,Patty Mills,UTA,PG,29,321,111,22,26,13,3,17
2024-25,Damion Baugh,CHO,SG,15,370,109,50,56,15,2,31
2024-25,Drew Timme,BRK,PF,9,254,109,65,20,4,1,15
2024-25,Jaden Springer,BOS,PG,43,365,109,58,33,24,4,16
2024-25,Torrey Craig,BOS,SF,26,314,108,73,17,8,12,8
2024-25,Taj Gibson,CHO,C,37,409,107,120,21,9,18,25
2024-25,Oscar Tshiebwe,UTA,C,14,255,107,122,9,13,1,10
2024-25,Cam Spencer,MEM,SG,25,252,106,30,34,9,1,6
2024-25,Jalen Hood-Schifino,PHI,SG,15,315,106,27,37,5,7,18
2024-25,Cam Reddish,LAL,SF,33,589,105,66,22,33,10,12
2024-25,Johnny Furphy,IND,SG,50,379,103,71,19,18,11,12
2024-25,Maxi Kleber,DAL,PF,34,637,103,95,43,9,17,23
2024-25,Pat Spencer,GSW,PG,39,250,98,46,48,14,3,18
2024-25,Jericho Sims,NYK,C,53,632,98,197,33,10,19,33
2024-25,Jordan McLaughlin,SAC,PG,46,314,98,30,51,16,1,16
2024-25,Trey Jemison,LAL,C,38,392,95,105,16,9,15,24
2024-25,Reece Beekman,BRK,PG,36,469,93,39,63,33,2,21
2024-25,Christian Koloko,LAL,C,37,342,90,92,16,8,16,12
2024-25,Mitchell Robinson,NYK,C,17,290,87,101,13,16,18,10
2024-25,Dru Smith,MIA,SG,14,268,87,36,23,21,6,17
2024-25,Lester Quiñones,NOP,SG,13,183,86,19,24,3,2,14
2024-25,Elfrid Payton,NOP,PG,24,511,85,79,166,24,11,59
2024-25,Damion Lee,PHO,SG,25,144,83,20,11,6,0,10
2024-25,Jordan Walsh,BOS,PF,52,403,82,69,19,12,11,17
2024-25,Tyler Kolek,NYK,PG,41,296,81,27,70,12,4,18
2024-25,Johnny Davis,WAS,SG,34,242,80,38,11,15,6,7
2024-25,MarJon Beauchamp,MIL,SF,35,156,79,44,11,4,1,15
2024-25,Jaylen Martin,WAS,SF,16,239,78,44,17,9,0,12
2024-25,Kobe Brown,LAC,PF,40,272,77,65,24,7,4,12
2024-25,Alex Reese,PHI,PF,15,216,76,47,4,10,10,6
2024-25,Moses Brown,IND,C,13,119,76,44,2,6,4,11
2024-25,Lamar Stevens,MEM,PF,17,155,74,38,8,5,3,10
2024-25,Alex Len,SAC,C,46,380,74,95,38,9,21,20
2024-25,JT Thor,WAS,PF,20,249,71,48,6,8,9,9
2024-25,Tristan Thompson,CLE,C,40,328,69,134,24,2,11,14
2024-25,Marcus Bagley,PHI,SF,10,253,67,70,10,9,12,7
2024-25,Jaylen Nowell,NOP,SG,8,168,67,20,18,1,4,8
2024-25,Tyler Smith,MIL,PF,23,122,67,25,4,3,4,8
2024-25,Adam Flagler,OKC,SG,37,203,65,27,12,8,3,4
2024-25,Nate Williams,HOU,SG,20,147,65,13,9,8,4,14
2024-25,Bronny James,LAL,SG,27,181,62,18,22,9,3,13
2024-25,De'Anthony Melton,GSW,SG,6,121,62,20,17,7,2,10
2024-25,Tony Bradley,IND,C,14,113,61,42,6,2,9,5
2024-25,Markelle Fultz,SAC,PG,21,184,61,20,27,10,2,15
2024-25,Cole Swider,TOR,SF,10,169,59,27,3,4,2,4
2024-25,Bruno Fernando,TOR,C,17,147,58,51,18,4,9,14
2024-25,Dario Šarić,DEN,C,16,210,56,50,23,7,1,15
2024-25,Markieff Morris,LAL,PF,15,165,56,23,21,2,3,5
2024-25,Tyson Etienne,BRK,PG,7,151,55,9,12,3,1,8
2024-25,Killian Hayes,BRK,PG,6,162,54,18,31,4,4,9
2024-25,Drew Peterson,BOS,PF,25,186,54,40,13,5,2,8
2024-25,Kobe Bufkin,ATL,SG,10,124,53,21,17,3,2,8
2024-25,Garrett Temple,TOR,SG,28,227,53,29,31,17,2,10
2024-25,Chuma Okeke,PHI,PF,9,196,53,47,15,5,4,3
2024-25,Patrick Baldwin Jr.,WAS,SF,24,107,53,25,3,3,2,5
2024-25,Oshae Brissett,PHI,SF,6,142,52,22,4,4,3,8
2024-25,Ariel Hukporti,NYK,C,25,217,48,51,11,1,15,21
2024-25,Enrique Freeman,IND,PF,22,181,46,30,9,3,3,6
2024-25,Kevin Knox,GSW,SF,14,84,46,17,5,2,4,4
2024-25,Keshad Johnson,MIA,SF,16,98,43,28,4,5,4,4
2024-25,Daeqwon Plowden,ATL,SG,6,72,43,11,2,0,0,4
2024-25,Jaylen Sims,CHO,SG,6,112,42,6,12,3,1,8
2024-25,Pete Nance,PHI,C,13,138,38,21,10,2,2,4
2024-25,Emoni Bates,CLE,SF,10,75,37,7,8,1,1,2
2024-25,Chris Duarte,CHI,SG,17,74,36,20,9,0,0,1
2024-25,Alex Ducas,OKC,SG,21,125,36,26,5,5,0,4
2024-25,Yuki Kawamura,MEM,PG,22,93,36,12,19,2,0,5
2024-25,Nae'Qwan Tomlin,CLE,PF,5,63,36,21,2,0,1,2
2024-25,Isaiah Jackson,IND,C,5,84,35,28,5,3,8,5
2024-25,TyTy Washington Jr.,PHO,PG,16,118,35,13,16,3,0,3
2024-25,Xavier Tillman Sr.,BOS,C,33,231,34,43,7,11,5,14
2024-25,Kylor Kelley,DAL,C,11,126,34,39,5,1,3,4
2024-25,JD Davison,BOS,PG,16,93,33,13,13,5,1,13
2024-25,PJ Hall,DEN,C,19,66,33,22,4,0,4,2
2024-25,Trey Alexander,DEN,SG,24,117,32,12,11,2,1,5
2024-25,Elijah Harkless,UTA,SG,10,138,32,21,8,10,1,3
2024-25,Josh Richardson,MIA,SG,8,150,32,12,12,8,1,8
2024-25,Sidy Cissoko,SAS,SF,22,114,32,21,15,2,1,11
2024-25,Pacôme Dadiet,NYK,SG,18,111,30,18,5,3,2,4
2024-25,RayJ Dennis,IND,PG,11,70,30,12,14,7,2,5
2024-25,Chris Livingston,MIL,SF,21,106,30,35,5,5,0,6
2024-25,Josh Christopher,MIA,SG,14,69,28,9,8,5,3,6
2024-25,Marcus Garrett,CHO,SG,4,79,28,6,13,3,2,6
2024-25,Matt Ryan,NYK,SF,19,68,28,8,3,2,0,3
2024-25,Spencer Jones,DEN,SF,20,125,26,17,5,5,5,5
2024-25,Vlatko Čančar,DEN,PF,13,136,24,32,9,3,2,11
2024-25,N'Faly Dante,HOU,C,4,51,24,21,2,1,5,2
2024-25,Jazian Gortman,DAL,PG,16,57,24,5,6,2,1,5
2024-25,Jae Crowder,SAC,PF,9,103,23,20,6,3,0,4
2024-25,Mason Jones,SAC,SG,10,45,23,9,11,0,1,1
2024-25,Jacob Toppin,NYK,SF,17,76,23,15,6,2,0,3
2024-25,Jackson Rowe,GSW,PF,6,52,22,11,4,4,0,1
2024-25,E.J. Liddell,CHI,PF,12,53,21,9,3,1,1,2
2024-25,Leonard Miller,MIN,SF,13,32,20,11,0,2,1,2
2024-25,Cam Christie,LAC,SG,13,59,18,12,6,5,1,2
2024-25,Justin Minaya,POR,SF,19,101,18,10,7,6,1,5
2024-25,Jamaree Bouyea,MIL,PG,5,62,17,5,10,4,2,8
2024-25,David Duke Jr.,SAS,SG,6,34,16,5,4,1,0,2
2024-25,Malachi Flynn,CHO,PG,4,44,16,7,7,3,0,4
2024-25,Joe Ingles,MIN,SF,19,114,15,11,23,2,0,9
2024-25,Bobi Klintman,DET,SF,8,42,15,7,7,2,1,1
2024-25,Stanley Umude,MIL,SG,22,86,15,17,4,3,6,3
2024-25,Taylor Hendricks,UTA,PF,3,75,14,15,2,5,4,2
2024-25,Jack McVeigh,HOU,PF,9,43,14,5,1,0,2,2
2024-25,Tolu Smith,DET,PF,1,22,14,8,0,0,0,2
2024-25,Armel Traoré,LAL,SF,9,67,14,15,1,4,2,3
2024-25,Isaiah Crawford,SAC,SF,15,46,13,8,1,1,2,1
2024-25,Bryce McGowens,POR,SG,13,32,13,3,2,1,0,4
2024-25,Luke Travers,CLE,SG,12,88,12,20,8,1,1,8
2024-25,Trentyn Flowers,LAC,SF,6,27,11,4,0,0,0,1
2024-25,Jahmir Young,CHI,PG,6,30,11,3,6,0,0,1
2024-25,Emanuel Miller,CHI,PF,6,25,10,8,2,1,0,0
2024-25,Jalen Bridges,PHO,SF,8,30,9,4,0,0,0,4
2024-25,Liam Robbins,MIL,C,13,57,9,12,2,2,2,6
2024-25,P.J. Tucker,NYK,SF,3,58,9,8,0,1,1,1
2024-25,James Johnson,IND,PF,12,37,8,6,4,0,2,4
2024-25,Adama Sanogo,CHI,C,4,21,8,6,1,0,0,1
2024-25,Anton Watson,NYK,SF,9,22,8,3,2,1,0,2
2024-25,Phillip Wheeler,PHI,PF,5,44,8,8,2,1,2,1
2024-25,PJ Dozier,MIN,SG,9,35,7,5,5,1,0,1
2024-25,Daniss Jenkins,DET,PG,7,23,7,2,3,0,0,1
2024-25,Miles Norris,BOS,PF,3,35,7,9,0,2,1,0
2024-25,Kevin McCullar Jr.,NYK,SF,4,29,6,8,2,1,1,0
2024-25,Isaiah Mobley,PHI,PF,1,17,6,4,5,1,1,0
2024-25,Taze Moore,POR,SG,2,20,6,8,1,2,0,2
2024-25,James Wiseman,IND,C,1,5,6,1,0,0,0,0
2024-25,Ulrich Chomche,TOR,PF,7,32,5,8,2,0,1,2
2024-25,Skal Labissière,SAC,PF,4,12,5,3,1,0,0,0
2024-25,Alondes Williams,DET,SG,1,4,5,0,1,0,0,0
2024-25,Ron Harper Jr.,DET,SF,1,17,4,7,2,0,0,0
2024-25,Harrison Ingram,SAS,SF,5,35,4,9,3,3,0,1
2024-25,D.J. Carton,TOR,SG,4,33,3,4,3,2,0,4
2024-25,Cui Yongxi,BRK,SG,5,10,3,2,0,0,0,0
2024-25,Braxton Key,GSW,SF,3,11,3,2,0,2,0,1
2024-25,Tristen Newton,IND,SG,8,16,3,4,2,1,0,2
2024-25,Quincy Olivari,LAL,PG,2,10,3,0,1,0,0,1
2024-25,Yuri Collins,GSW,PG,2,16,2,3,4,2,0,0
2024-25,Malevy Leons,OKC,SF,6,21,2,3,1,0,0,1
2024-25,Daishen Nix,MIN,PG,3,13,1,4,3,0,0,4
2024-25,Terence Davis,SAC,SG,1,8,0,1,1,0,0,0
2024-25,Jesse Edwards,MIN,C,2,5,0,0,1,0,0,0
2024-25,Mac McClung,ORL,SG,2,10,0,1,3,0,0,0
2024-25,Jalen McDaniels,WAS,SF,4,7,0,0,1,1,0,0
2024-25,Riley Minix,SAS,SF,1,7,0,2,0,0,0,0
2024-25,Jahlil Okafor,IND,C,1,3,0,1,1,0,0,0
2024-25,Zyon Pullin,MEM,SG,3,3,0,0,0,0,0,0
2024-25,Isaiah Stevens,MIA,PG,3,6,0,2,0,1,0,0
2024-25,Terry Taylor,SAC,PF,3,6,0,1,2,0,0,0
